{"Label 1":{"Heading":{},"Text":[{"Flags":8,"MultiLine":0,"Style":"HelpText","String":"Text of Label 1"},{"Flags":8,"MultiLine":0,"Style":"HelpText","String":"Text of label 2"},{"Flags":8,"MultiLine":0,"Style":"HelpText","String":"Text of label 3"}],"Resource":{"Pattern":{},"Font":{"Arial|10|0":{"Size":10,"Num":36359408,"Flags":0,"Name":"Arial"}},"Image":{}},"Style":{"HelpText":{"BackColor":16777215,"Indent":0,"FontKey":"Arial|10|0","FrontColor":8404992}},"Label":{"Label 1":{"Size":0,"Margin":{"Top":0,"Right":0,"Left":0,"Bottom":0},"Pattern":"","Link":[],"File":"","Offset":{},"Item":[{"Spacing":0,"Type":3,"Idx":0}]},"Label 2":{"Size":0,"Margin":{"Top":0,"Right":0,"Left":0,"Bottom":0},"Pattern":"","Link":[],"File":"","Offset":{},"Item":[{"Spacing":0,"Type":3,"Idx":1}]},"Label 3":{"Size":0,"Margin":{"Top":0,"Right":0,"Left":0,"Bottom":0},"Pattern":"","Link":[],"File":"","Offset":{},"Item":[{"Spacing":0,"Type":3,"Idx":2}]}},"Tree":[{"Label":"Label 1","Title":"Title 1","Level":0},{"Label":"Label 2","Title":"Title 2","Level":0},{"Label":"Label 3","Title":"Title 3","Level":0}],"Font":{},"Image":[]}}